Country,Year,Rank,Total,C1: Security Apparatus,C2: Factionalized Elites,C3: Group Grievance,E1: Economy,E2: Economic Inequality,E3: Human Flight and Brain Drain,P1: State Legitimacy,P2: Public Services,P3: Human Rights,S1: Demographic Pressures,S2: Refugees and IDPs,X1: External Intervention,Unemployment Rate,Military Expenditure,Total Tax Rate,Inflation,Population growth,Access to electricity,Fragile State
Central African Republic,2016,1st,90.718,9.2,10,9.3,8.6,9.9,7.2,9.8,10,9.9,8.7,10,9.5,3.5,4.8,2.8,2.5,1.1,8.6,Alert
Syria,2016,2nd,88.708,10,9.9,10,7.8,7.4,8.6,10,8.9,9.8,8.4,10,10,2,0.7,4.7,8.5,0,5.7,Alert
Sudan,2016,3rd,88.574,9.2,10,9.8,8.7,7.6,9.1,9.8,9.1,9.3,9,10,9.9,2,2.1,1.9,6.6,2.4,5.7,Alert
South Sudan,2016,4th,85.894,10,9.7,9.9,9.3,9,6.6,9.7,10,9.7,9.9,10,10,5.2,0.9,1.4,2.6,2.9,1.4,Alert
Somalia,2016,5th,84.085,9.7,10,9.4,9,9.3,9.5,9.5,9,9.7,9.7,9.7,9.5,2.7,0.6,1.9,3.4,2.9,0,Alert
Chad,2016,6th,83.549,9.1,9.8,8.5,8,9.3,8.9,9.2,9.8,9.3,9.9,9.8,8.5,5.3,3,0.5,2.7,3.1,0,Alert
Congo Democratic Republic,2016,7th,81.606,9.2,9.8,9.7,8.1,8.9,6.8,9.3,9.7,10,9.1,9.7,9.7,1.8,1.5,1.9,2.6,0,4,Alert
Angola,2016,8th,80.199,6.2,7.2,7.7,6.1,9.6,6.3,8.8,9.2,7.5,9,7.3,5.6,6.3,0,10,3.6,3.4,5.9,Alert
Uganda,2016,9th,80.132,7.3,8.9,9,6.7,7.6,7.6,8.3,8.5,8,8.7,9.1,8,3.6,1,2.9,3.8,3.3,7.3,Alert
Haiti,2016,10th,79.462,7.9,9.6,6.7,8.9,9.5,9,9.4,9.4,7.7,9.2,7.9,9.9,1.6,2.7,1.5,4.8,1.3,1.6,Alert
Cameroon,2016,11th,78.792,8.1,9.4,8.5,6.3,8.1,7.8,8.7,8.9,7.7,8.3,8,8,5.8,2.5,0.8,4.2,2.6,3.9,Alert
Zimbabwe,2016,12th,78.725,7.8,9.8,7.5,8.3,8.2,8.1,8.9,8.5,8.4,8.6,8.7,7.7,2.6,0.6,2.4,2.9,2.3,6.2,Alert
Afghanistan,2016,13th,78.658,10,8.6,8.6,8.5,7.5,8.4,9.1,9.6,8.7,9.5,9.5,9.9,1.9,0,2.1,2.8,2.7,0,Alert
Iraq,2016,14th,78.122,10,9.6,9.8,6.8,7.5,7.9,9.2,7.8,8.9,8.1,9.4,9.7,4.8,0,1.2,2.9,3,0,Alert
Yemen,2016,15th,77.787,10,9.5,9.5,9.4,8.4,7.5,9.4,9.3,9.4,9.5,9.6,10,0,0,1.6,3,0,0,Alert
Burundi,2016,16th,76.782,9,8.5,8.1,8.2,7.4,6.5,9,8.2,8.5,9.5,9.1,8.7,0.1,0.9,2.1,3.8,3.1,3.9,Alert
Kenya,2016,17th,76.112,8.5,8.9,9.1,7.4,8,7.8,7.8,8.2,7.2,9.1,8,8.3,1.1,1.2,3.6,2.4,2.6,4.4,Alert
Nigeria,2016,18th,75.911,9.7,9.9,9.4,7.7,8.8,7.4,8.8,9.4,9.1,9.1,7.7,6.5,1.2,1.1,1.3,3.6,2.6,0,Alert
Liberia,2016,19th,75.375,6.6,8.3,6,8.3,8.6,6.9,7,9.5,6.7,9.2,8.9,9.5,0.4,1.6,1.5,3,2.5,8,Alert
Pakistan,2016,20th,74.839,9.3,8.9,9.7,7.4,7,7.3,8.3,8.2,8.2,8.9,8.9,9.6,3.6,0,1.3,3,2,0.1,Alert
Cote d Ivoire,2016,21st,73.834,7.7,9.4,8.3,6.8,8.2,7,8.1,8.7,8.1,8.2,8,9.4,8.2,0.7,0.7,2.7,0,0,Alert
Djibouti,2016,22nd,72.829,6.6,7.3,6.7,7.1,8.1,5.5,7.9,8.1,7.5,8.5,7.5,8.9,3.5,5.2,2.2,1.7,1.6,4.8,Alert
Guinea Bissau,2016,23rd,72.494,9.1,9.6,5.4,8.5,8.7,8.3,8.9,9.5,7.5,8.3,7.5,8.5,3.5,0.9,1.1,2.9,0,0,Alert
Myanmar,2016,24th,72.36,8.4,8.6,9.9,6.4,7.9,6,8.7,8.7,8.6,7.3,8.3,7.5,0.9,0.9,1.6,3.1,0.9,4.3,Alert
Niger,2016,25th,72.293,8.9,8.9,7.7,8,8.2,7.2,7.8,9.2,6.7,9.5,8,8.3,0.7,0,1.3,3.7,3.8,0,Alert
Timor-Leste,2016,26th,71.824,7.4,8.3,6.7,8.1,7,7.3,7.1,8.7,5.5,9.2,6.5,9,1.4,1.4,2.9,2.8,2.2,5.7,Alert
Guinea,2016,27th,71.623,9,9.9,8.8,9.4,7.4,7.5,9.8,9.2,7.9,8.9,8.4,7.6,0.3,0,0.3,0,2.5,0,Alert
Papua New Guinea,2016,28th,71.154,7.2,7.1,6.5,5.8,9.3,7.4,7,9.2,7.1,7.9,4.7,7,3.8,1.2,1.7,3.5,2.1,7.7,Alert
Rwanda,2016,29th,70.953,5.9,8.3,9.1,6.2,8.5,7.6,6.8,7.6,7.4,8.2,8,7.7,2.1,0,3.1,3.6,2.4,3.4,Alert
Bangladesh,2016,30th,70.35,7.8,9.6,8.9,6.3,6.9,7.5,8,7.8,7.6,8,6.3,6,3.1,2.5,3,3.5,1.1,1.1,Alert
Burkina Faso,2016,31st,70.35,8.1,8.1,4.7,6.5,8.4,7.2,7.3,8.9,6.3,9.4,6.8,7.7,2.9,0.9,2.1,2.9,2.9,3.9,Alert
Eritrea,2016,32nd,70.283,7.4,8.1,6.6,8.3,7.5,8,9.5,8.6,9.1,9.1,8.5,7.9,0.2,0.8,2.4,2.6,0,0.3,Alert
Libya,2016,33rd,70.149,9.6,9.4,8.3,8,5.8,6.5,9.5,7.2,9.3,5.1,8,9.7,2.5,1.1,0.9,2.8,0.9,0.1,Alert
Ethiopia,2016,34th,70.015,8.1,8.3,8.6,6.7,6.7,7.3,7.7,8.3,8.5,9.3,9.5,8.2,0.6,2.6,0,1.3,2.5,0.3,Alert
Zambia,2016,35th,69.345,4.7,5.7,5.4,8.1,8.9,8.1,7.2,8.1,7.1,9.5,6.6,6.9,1.6,1.6,1.2,2.5,3,7.3,Warning
Mauritania,2016,36th,69.211,7.1,8.8,7.2,7.9,7,6.6,8.2,9.2,8.1,8.9,8.2,8.2,0,1.3,0.6,3.2,2.8,0,Warning
Mali,2016,37th,69.144,9.2,5.2,7.9,7.9,7.6,8.7,6.3,9,7,8.7,8.1,9.6,1.4,1.2,2.4,0,3,0,Warning
Philippines,2016,38th,68.742,9.4,8,8.1,5.7,5.9,6.5,7.2,6.9,5.6,7.7,7.1,6.6,2.1,1.6,2,2.9,1.6,7.7,Warning
Tajikistan,2016,39th,68.206,6.9,8.4,7.6,7.5,5.3,6.4,9.3,5.8,7.9,8.1,4.5,6.1,3.1,1.6,2.7,2.7,2.2,5.7,Warning
Senegal,2016,40th,67.67,5.9,6.6,6.6,7.6,7.6,7.7,5.2,7.6,6.2,8.3,7.5,6.8,5.9,1,1.9,2.3,2.9,3.4,Warning
Sierra Leone,2016,41st,67.603,4.5,7.8,5.9,8.8,8.5,8.7,7.1,9,5.5,9.2,7.9,8.1,2,1.4,1.1,3.2,2.2,0,Warning
Nepal,2016,42nd,67.469,6.7,8.3,9.5,7,7.2,6.7,7.1,7.4,7.4,8.8,8,7.1,1.8,2,2.7,1.9,1.1,0,Warning
Togo,2016,43rd,67.335,6.7,7.6,4.8,6.5,8.4,7.6,8,8.3,6.9,8,6.8,6.2,1.9,0.6,1.3,2.7,2.5,5.7,Warning
Lebanon,2016,44th,67.268,8.9,9.3,8.7,6.1,5.8,5.1,7.8,5.9,7.4,5.8,9.5,9.3,2.8,0,2.4,3,2.6,0,Warning
North Korea,2016,45th,67.067,8.5,8.5,6,8.9,7.7,4.1,10,8.8,9.6,7.9,4.6,9.3,2.2,0.7,0.6,2.7,0,0,Warning
Swaziland,2016,46th,67,6,6.8,3.4,9.4,8.4,7.2,8.8,7.8,8.8,8.9,4.8,7.3,1.2,0.7,2,2.8,0,5.7,Warning
Uzbekistan,2016,47th,66.933,7.3,8.8,7.3,6.5,7.1,6,9.7,5.1,9.4,5.8,5.7,4.8,9.4,0,2.1,3.2,1.7,0,Warning
Gambia,2016,48th,66.598,6,6.8,3.4,8.1,6.9,8.4,8.1,8,8.9,8.5,6.5,7.2,4.5,0.5,1.6,2.8,0,3.2,Warning
Mozambique,2016,49th,66.397,6.7,6.9,5.6,7.7,8.9,7.7,6.7,9.2,5.8,9.5,5.5,7.6,4.2,1,0.6,2.6,2.9,0,Warning
Cambodia,2016,50th,66.397,6.4,8.3,7.1,5.9,6.8,7.8,8.5,8,7.9,7.2,5.9,7.6,1.9,0.8,0.8,2.7,1.6,3.9,Warning
Malawi,2016,51st,66.196,4.5,7.7,5.1,8.6,8.5,8.1,6.6,8.1,6.4,9.3,6.3,8.4,3.7,1.3,0.8,2.5,2.9,0,Warning
Comoros,2016,52nd,65.727,6.9,7.5,5,8.2,7.2,7.6,6.8,8.4,6.5,7.5,4.7,7.5,2.8,1,1.4,2.8,2.3,4,Warning
Egypt,2016,53rd,65.593,8.3,8.8,9,8.4,6.2,4.4,8.4,5.1,9.7,6.8,7,8.1,1.1,1,2.2,3.1,0,0.3,Warning
Tanzania,2016,54th,65.459,5.2,6,5.4,6.4,7.3,7.3,6.1,8.8,6.1,8.9,6.9,7.4,1.3,0.9,2,2.9,3.1,5.7,Warning
Kyrgyz Republic,2016,55th,65.191,6.5,8,8.6,7.2,6.1,6.7,7.9,5.3,7,5.7,5.5,6.6,7.6,1.9,2,2.7,2,0,Warning
Congo Republic,2016,56th,64.454,6.7,6.7,6.9,6.7,8.3,7.1,9.1,9.2,8.2,8.1,7.9,7.3,0,0,0,0,0,4,Warning
Colombia,2016,57th,64.186,7,7.6,7,3.9,7.8,6.3,6.5,6.1,7.2,6.7,7.9,6.2,2.1,1.8,2.6,4.2,0.9,4,Warning
Turkmenistan,2016,58th,64.052,6.5,7.8,6.8,5.1,6.9,4.8,9.8,5.8,8.9,5.6,3.7,4.3,4.2,3.3,0.9,2.8,1.7,6.7,Warning
Iran,2016,59th,63.918,7.7,9.6,8.8,6.6,5.8,6.5,9.2,4.7,9.5,5.1,6.7,6.7,2,0,1.4,0,0,5.1,Warning
Equatorial Guinea,2016,60th,63.784,6.7,8.2,6.3,6.2,8.9,5.7,9.9,7.4,9.4,7.7,3.6,5.2,2.3,0,3.6,0,3.8,0.3,Warning
Guatemala,2016,61st,63.516,7.3,6.8,8.2,5.7,8.3,7,6.7,7.7,6.9,7.4,5.8,5.4,3.6,1.6,0.4,3.2,2,0.8,Warning
Solomon Islands,2016,62nd,63.449,6.1,8.2,6.5,7.3,9.2,6.6,7,7.9,5.4,8.2,4.6,8.3,2.3,0.1,3.4,1.6,2,0,Warning
Madagascar,2016,63rd,63.248,7.3,7.8,4.3,7.8,8.8,6.4,7.3,9.3,5.8,8.8,3.6,7,2.5,0.7,1.2,3.1,2.7,0,Warning
India,2016,64th,62.511,7.6,7.3,8.5,5.3,7.2,5.8,4.9,7.6,6.2,8.1,5.5,5.6,4.2,0,1.5,4.5,1.1,2.4,Warning
Thailand,2016,65th,62.377,9.2,9.7,9,3.8,5.5,4.4,7.7,4.6,8.2,6.6,6.1,4,1,1.8,2.3,3.2,0.3,5.7,Warning
Laos,2016,66th,61.774,5.7,8.3,6.6,5.4,7.1,7.7,9.3,7.2,8.1,7.4,5.3,6.3,1.8,0.5,1.5,4,0,0,Warning
Sri Lanka,2016,67th,61.037,7.6,8.8,9.2,5.6,7.3,7.9,7.4,5.3,8.5,5.7,7.9,6.5,0.9,0,0,0,1.1,1.4,Warning
Jordan,2016,68th,60.836,5.2,6.9,7.7,6.6,5.6,3.9,6.4,4.4,8,6.7,9.3,7.3,5.1,2.6,1.1,0.8,3.2,0,Warning
Venezuela,2016,69th,60.367,6.8,8.2,7.4,7,6.9,5.2,8.7,7.2,8.6,5.2,4.8,5.6,1.8,0.3,1.2,5.2,0,0,Warning
Maldives,2016,70th,60.3,6.6,8,4.8,6.1,3.8,5.9,8.7,5.8,7.7,5.5,4.4,6.7,8.7,1.3,0.3,3.5,2.2,0,Warning
Benin,2016,71st,60.099,5.9,7,3.6,6.3,7.8,7.1,5.9,8.9,5.4,8.5,5.7,6.8,1.6,0.7,1.8,2.8,2.8,1.1,Warning
Russia,2016,72nd,59.63,9.2,8.1,9,5.4,6.4,4.2,8.2,4.4,9.4,4.8,6,5.9,0,0,1.8,2.8,0,3.4,Warning
Israel and West Bank,2016,73rd,59.563,7.1,8.1,9.8,4,7,3.5,6.6,5,7.7,5.7,7.5,7.7,3.6,1,1.2,3.4,0,0,Warning
Turkey,2016,74th,59.295,7.8,7.6,9.5,4.8,5.9,3.6,6.6,4.6,7.4,5.1,8.8,5.6,1.7,4.1,1,2.8,1.6,0,Warning
Honduras,2016,75th,59.027,7,6.8,6.1,6.6,7.9,6.6,7,7,6.6,6.5,4,7.7,2,0,1.8,2.8,1.7,0,Warning
Nicaragua,2016,76th,59.027,5.7,7.1,6.7,5.9,8.2,8.3,7.6,6.9,5.4,5.5,4.2,7.5,1.9,1.2,1.7,3.2,1.1,0,Warning
Micronesia,2016,77th,58.893,4.8,5.6,4,9,8.5,9.5,5.7,6.2,3.4,7.6,3.6,9.2,3.6,1.1,2.6,2.8,0,0.7,Warning
Azerbaijan,2016,78th,58.759,6.4,7.9,6.7,3.8,5.6,4,8.9,5.1,8.6,4.8,7.9,6.6,4.2,0.6,1.2,3.2,1.1,1.1,Warning
Lesotho,2016,79th,58.759,5.9,7.3,4.1,8.2,7.6,7.7,6.1,8.3,4.7,8.2,4.8,8,0.7,0.3,1.3,3.2,1.3,0,Warning
Peru,2016,80th,58.558,7.3,6.9,7.6,3.4,7.6,7,7.4,6.9,4.5,5.2,4.5,3.7,1,1,1.5,2.9,1.3,7.7,Warning
Georgia,2016,81st,58.491,7,9.1,8.1,5.6,5.7,5.1,8.5,4.5,5.8,4.2,7.7,7.6,1.1,0,1.1,2.9,0.1,3.2,Warning
Paraguay,2016,82nd,58.29,6.8,7.8,6,5.2,8.1,5.5,7.2,6.4,6.1,6.2,2.8,4.5,1.8,0.4,0.6,2.6,1.3,7.7,Warning
Sao Tome and Principe,2016,83rd,58.29,5.2,6.3,4.5,8.7,6.2,8.2,5.8,6.1,3.5,6.4,4.4,7.6,2.9,1.1,1.7,2.8,2.2,3.4,Warning
Vietnam,2016,84th,58.29,4.8,6.9,6.2,5.3,5.2,5.9,8.4,4.9,7.5,5.8,4.4,5.4,0,0,2.5,2.7,1.1,10,Warning
Bolivia,2016,85th,57.888,6.7,8.3,6.2,5.1,8.8,6.7,7,7,6.2,6.4,4.1,6,1.7,0.6,1.1,3,1.5,0,Warning
El Salvador,2016,86th,57.285,7,4.3,6.2,5.6,6.6,7.5,5,6.6,6.5,6.6,5,5.6,8.5,0,0.2,3.5,0.5,0.3,Warning
Algeria,2016,87th,57.218,7.7,7.1,7.9,6.8,6.3,5.4,7.8,5.5,6.8,5.4,6.5,5.1,3.5,0,1.8,0,1.8,0,Warning
Namibia,2016,88th,57.017,5.2,3.5,6,7,8.4,6.8,3.5,7.6,4,7.3,5.2,6.6,3.7,2.2,3,2.9,2.2,0,Warning
Bhutan,2016,89th,56.95,4.7,7.5,7.6,5.2,6.6,7.2,4.5,6.3,6.3,6.3,7.2,8.2,2.5,0.2,0.9,2.5,1.3,0,Warning
Cape Verde,2016,90th,56.95,5.4,5.5,4.1,5.7,7.3,8.2,5.5,6.2,4.2,7.2,4.4,7.8,2.5,1.9,1.9,3.3,0,3.9,Warning
Indonesia,2016,91st,56.883,5.9,7,7.3,5.5,6,6.6,5.3,6.1,7.4,6.8,5.6,5.4,2.4,2.3,1,3,1.1,0.2,Warning
Ukraine,2016,92nd,56.883,7.8,8,6.9,7,4.4,5.4,8.4,3.9,6.2,4.4,4.3,8.8,3.5,1,1.4,3.8,-0.3,0,Warning
Ecuador,2016,93rd,56.816,6.5,8.2,7.5,5.5,6.9,5.9,6.7,6,5.2,6,5.4,5.8,1.6,0.6,1,4.2,1.5,0.3,Warning
Gabon,2016,94th,56.682,4.7,7.1,4,5,6.7,5.8,7.7,6.9,7.2,6.8,4.7,5.4,2.1,0.4,1.3,5.4,2.5,0.9,Warning
Tunisia,2016,95th,56.213,7.9,7.8,7.9,6.9,5.1,5.8,6.7,4.6,6.7,4.4,4.2,6.6,3.1,1.1,1.3,2.7,1.1,0,Warning
Saudi Arabia,2016,96th,55.945,6.5,8.2,7.5,4.7,5.5,3.5,8.1,4,8.9,5.5,4.9,4.9,0.6,0,1.4,3.6,2.3,3.4,Warning
Fiji,2016,97th,55.811,6.8,7.9,7.1,6.7,6.5,7.9,7.1,4.5,6.6,4.4,3.3,7.4,0.9,0.7,2,2.7,0.7,0.1,Warning
Ghana,2016,98th,55.744,3.8,4.9,4.6,6.6,6.8,7.9,4.7,7.4,5.3,7.1,5.2,6.9,1.6,0.4,1.7,2.9,2.2,3.2,Warning
Kazakhstan,2016,99th,55.409,5.4,7.6,7.3,6.6,4.4,3.3,8,4.2,7.4,4.7,3.2,4.4,8.1,3.2,0.6,2.9,1.4,0,Warning
Belarus,2016,100th,54.873,6.3,8.3,7.1,6.2,4.9,3.1,8.9,4.4,8.1,5.3,3.8,7.5,1.2,0.4,1.8,3.4,0.1,1.1,Warning
Samoa,2016,101st,54.873,4.9,5.1,4.5,6.5,5.1,9.2,5.7,5.1,4.3,5.9,2.4,8.9,3.1,2.4,2,2.7,0.7,3.4,Warning
Morocco,2016,102nd,54.471,5.4,6.6,7.4,5,6.4,7.9,6.8,5.4,7,5,5.6,5.7,2.1,0,1.1,2.5,1.4,0,Warning
Armenia,2016,103rd,54.471,5,7,5.6,6.5,4.7,5.9,7.2,3.8,7,3.3,6.7,6.9,5.5,1.2,0.7,2.9,0.3,1.1,Warning
Macedonia,2016,104th,54.404,5.7,7.3,7.1,6,5.4,5.2,6,4.1,4,3,7,6.2,7.7,0.8,1.3,4.4,0,0,Warning
Grenada,2016,105th,54.002,5.9,5.6,3.8,6.2,5,8.6,5.6,4,3.4,4.9,3.2,6.8,5.5,10,0.8,0,0.5,0.8,Warning
Moldova,2016,106th,53.868,6.3,8.3,7,6.6,5,6.3,6.8,5.1,5.1,5,4.1,7.6,6.1,0,1.2,0,-0.1,0,Warning
Serbia,2016,107th,53.399,5.7,8,7.8,6.6,5,5,5.4,4.4,4.6,4.5,8.6,6.4,1,0,1.1,2.7,-0.5,3.4,Warning
Guyana,2016,108th,53.131,6.1,5.1,6.4,6.1,5.9,9.4,5.6,6.4,3.6,5.5,3.8,7,2.4,0.1,0.7,3,0.6,1.6,Warning
Dominican Republic,2016,109th,52.93,5.5,6.2,6,5.2,6,7.3,5.7,6.8,6,7,3.5,5.6,1.2,0.4,2.1,3.3,1.1,0.1,Warning
Suriname,2016,110th,52.662,5.1,5.8,5.8,6.8,6.3,7,5.2,5.8,4.8,5,3,6.1,0.2,0,1.1,4,0.9,5.7,Warning
Mexico,2016,111th,52.595,8,5.1,6.7,4.4,6.3,5.5,6.2,6.5,6.2,6.2,4.1,5.2,1.5,0.3,1.6,3.4,1.3,0,Warning
Bosnia and Herzegovina,2016,112th,52.595,5.9,8.7,7,5.7,5.3,5.2,6.7,3.8,6.1,4,7.8,8.4,0.4,0,0.9,3.1,-0.5,0,Warning
Brazil,2016,113th,52.193,6.4,4.9,5.7,4.5,8,4.3,5.9,6,6.1,7.6,2.9,3,1.8,0.4,2.5,3.2,0.8,3.9,Warning
South Africa,2016,114th,52.126,5.8,5.6,6.3,6.6,7.7,5.2,5,7.2,4.4,7.3,5.6,3.2,2.1,0.7,0.8,3,1.3,0,Warning
China,2016,115th,51.121,5.6,7.2,8.1,4.1,7.5,4.6,8.3,5.9,8.7,6.9,5.1,2.9,0.7,0,0.2,0,0.5,0,Warning
Belize,2016,116th,50.786,6.1,4.3,4.1,6.4,5.9,6.7,5.4,6.1,4.4,5.6,3.8,7.2,1.6,0.8,1.3,2.9,2.1,1.1,Warning
Brunei Darussalam,2016,117th,50.719,5.3,7.4,5.9,3,7.8,4.3,8.3,2,7.9,3.9,2.4,3.8,1.8,2.6,1.2,2.9,1.3,3.9,Warning
Bahrain,2016,118th,50.25,6.4,7.1,7.9,3.5,4.8,3.2,8.4,2,8.3,4.3,2.5,5,1.5,1.2,1.5,2.5,3.8,1.1,Warning
Malaysia,2016,119th,50.116,6.5,6.8,6.7,3.3,5.2,4.7,7.4,4.4,7.7,5.5,3.9,4,1.9,0.9,1.6,2.8,1.5,0,Warning
Cuba,2016,120th,48.843,5.4,7,4.2,4.2,5.6,5.4,7.3,4.3,7.7,5.7,4.2,5.3,1,1.1,1,3.4,0.1,0,Warning
Jamaica,2016,121st,48.575,6.6,3.7,3.6,7.1,5.6,8.1,5,6.1,5.2,4.9,3.1,6,0.8,1.6,1.9,2.7,0.3,0.2,Warning
Cyprus,2016,122nd,48.173,4.1,7.9,6.5,6.4,6.1,4.2,5,2.7,3.2,3.7,5,9.2,1.5,0.3,1.3,4,0.8,0,Warning
Botswana,2016,123rd,47.235,3.8,3.3,5.1,6,8,5.2,3.5,7,4.7,7.9,4.7,4.3,1.3,0,0,0,1.8,3.9,Warning
Kuwait,2016,124th,46.029,4.2,7.5,5.2,2.7,4.4,3.3,7.4,2.8,7.6,5.2,3.7,4.5,1.7,0.9,1.3,3.4,2.9,0,Warning
Mongolia,2016,125th,45.158,3.7,5.5,4,5,6.1,3,4.2,5.6,4.7,5.3,2.7,6.8,1.8,0.9,1.7,2.9,1.7,1.8,Warning
Albania,2016,126th,44.89,4.4,6.2,4.7,5.5,3.8,7.6,5.9,4.2,5,4.2,3.3,6.4,1.8,0,1.4,2.8,-0.2,0,Stable
Panama,2016,127th,44.421,5.4,2.5,5.3,3.1,7.6,4.3,3.7,5.3,4.5,5.4,3.2,2.9,1.8,3.9,1.9,3.2,1.6,0.7,Stable
Oman,2016,128th,44.086,4.4,6.6,3.1,4.2,4.3,2.2,6.5,3.7,7.4,5,2.2,2,3,1.3,1.8,2.9,5.2,0,Stable
Antigua and Barbuda,2016,129th,43.617,5.4,3.7,3.9,4.7,4.7,7,5.6,4,4.6,4.3,2.8,5.5,1.9,1.4,1.6,2.7,1,0.3,Stable
Trinidad and Tobago,2016,130th,43.617,6,5.6,4.4,4.6,5.1,7.8,4.7,4.5,4.3,4.7,2.8,3.3,1.5,0.9,1.3,3.2,0.4,0,Stable
Greece,2016,131st,43.349,4.2,3.8,5.1,7,3.9,3.5,6.2,4,3.2,3.9,5,6.1,3.5,1.3,1.5,2.9,-0.4,0,Stable
Seychelles,2016,132nd,42.679,6.3,6,4.5,4.3,5.7,5.6,5.7,2.9,4.3,4.8,2.9,7.2,0.7,0,1.5,0,1.3,0,Stable
Bahamas,2016,133rd,42.277,4.3,4.5,4.1,4.5,4.7,4.7,4,4.8,3.3,6.6,2.7,3.4,1.7,7.2,0.4,2.2,0,0,Stable
Croatia,2016,134th,40.87,3.7,4.4,6,5.5,3.5,4.2,3.1,2.6,3.8,3.3,7.5,4.8,4.3,0,1.4,3.6,-0.7,0,Stable
Bulgaria,2016,135th,40.602,3.8,5.3,5.3,5.9,4.6,4.3,4.7,3.9,3.5,3.9,4,4.5,2,1.1,1.5,3,-0.7,0,Stable
United Arab Emirates,2016,136th,40.401,2.8,3.6,3.6,2.6,3.9,2.2,6.9,2.4,7.5,4.2,2.2,2.6,10,0,1.2,3.3,1.3,0,Stable
Barbados,2016,137th,40.334,4.4,4.2,4.1,6,4.8,5.1,2.7,2.7,2.6,4.1,2.6,5.7,5.2,1.4,1.5,2.8,0.3,0,Stable
Romania,2016,138th,39.128,3.2,5.4,7,4.9,4.4,4.2,5.7,4,3.9,3.4,3,3.8,0.7,0.9,1.2,3.3,-0.6,0,Stable
Hungary,2016,139th,38.592,2.4,5.3,5,5.6,4,3,6.3,3.4,4.9,2,6.7,4.1,2.2,0,0.5,2.5,-0.3,0,Stable
Qatar,2016,140th,38.324,2.3,5,4.6,2.3,4.9,2.8,6.3,1.5,6.5,4,2,2.9,3.1,0.8,2.1,2.6,3.5,0,Stable
Mauritius,2016,141st,38.19,2.5,3.2,3.8,4.2,4,4.1,3.2,3.5,3.6,3.8,2.4,4.9,8.2,0.8,1,3.6,0.1,0.1,Stable
Montenegro,2016,142nd,37.989,3.7,6.5,7.6,4.9,2.6,3.7,4.8,3.3,4.1,3,4.8,6.2,0,0,0.2,1.3,0,0,Stable
Malta,2016,143rd,37.52,3.3,2,3.9,4.2,2.8,3.9,3.8,2.2,3.2,2.7,4.1,3.5,8,1.3,1.3,3.5,2.3,0,Stable
Chile,2016,144th,36.515,2.9,2.2,3.8,3.3,5.4,3.5,3.5,4.2,3.2,5.4,2.2,2.3,6.2,0.9,2,2.7,0.8,0,Stable
Spain,2016,145th,36.18,3,6.3,5.9,5.2,3.7,2.1,3,2.4,2,2.2,2,2,3.1,0,1,10,0.1,0,Stable
Argentina,2016,146th,35.711,4,2.8,4.7,5.5,5.1,2.7,5,4,3.8,4,2.5,4.3,0,0.9,1.1,1.9,1,0,Stable
Latvia,2016,147th,35.041,3.2,4.3,7.7,3.7,4.3,4.5,3.6,3.1,2.8,3.1,3,4.1,0.9,0.6,1.1,3.2,-0.9,0,Stable
Slovak Republic,2016,148th,34.974,2,4.2,6.5,4.8,3.7,3.9,4.5,2.6,2.7,2.5,4,3.5,2.7,0.7,1.1,2.7,0.1,0,Stable
Costa Rica,2016,149th,34.773,3.3,3.8,4.4,4.2,5.5,3.8,2.6,4.1,1.7,3.8,3.6,4.3,0.5,2.4,0.5,2.4,1,0,Stable
Poland,2016,150th,34.237,2,3.8,4.9,3.8,3.2,4.2,3.5,2.5,2.9,3,3.8,3.1,4.2,2.1,1.8,2.3,0,0,Stable
Italy,2016,151st,33.5,4.2,4.9,5,5.5,3.1,1.7,3.9,2.3,2.2,2.8,5,2.5,1.1,1.9,1.2,2.9,-0.2,0,Stable
Czech Republic,2016,152nd,33.366,2.3,5,5,4.3,2.9,2.5,4.9,2.8,2.6,1.6,4,2.9,1.5,1.8,2.3,3.2,0.2,0,Stable
Estonia,2016,153rd,30.418,2.9,5.5,6.8,3.7,3.4,3.7,2.9,3.1,1.8,3,2.6,4,2,0,0,0,0,0,Stable
France,2016,154th,29.748,3,1.9,7,4.5,3.4,1.9,1.5,1.3,2.3,3,2.7,2,3.4,0,2.7,3.4,0.4,0,Stable
Uruguay,2016,155th,29.748,3.5,2.7,2.7,3.3,4.3,4.1,1.1,3.1,2.5,4,2.2,2.7,2.2,0.8,2,2.8,0.4,0,Stable
Lithuania,2016,156th,28.274,3.1,3,4.6,4.7,4.7,4.1,2.9,3.7,2.7,3,2.4,3.5,0,0,1.1,0,-1.3,0,Stable
Belgium,2016,157th,28.006,1.9,3.9,4.4,4.4,2.9,1.6,1.6,1.8,1,2.2,2.1,1.2,4.7,1.7,2.5,3.4,0.5,0,Stable
United States,2016,158th,27.872,2.9,4.3,5.1,2.5,4.5,1.4,2.1,1.8,3.4,3,2.1,0.9,0.8,0.8,1.7,3.6,0.7,0,Stable
South Korea,2016,159th,27.872,1.8,3.8,3.1,2.1,3.2,3.6,3.4,2.1,2.9,3.3,1.7,5.1,1.4,0.5,1,2.6,0,0,Stable
United Kingdom,2016,160th,27.872,2.4,3.5,5.9,3.8,3.8,1.8,1.7,1.8,1.9,2.6,2.2,1,2.1,1.4,1.9,3.1,0.7,0,Stable
Japan,2016,161st,27.604,1.3,2.6,3.9,4.3,1.8,2.9,1.4,1.8,3.2,4.5,3.4,4,4.5,0,1.7,0,-0.1,0,Stable
Germany,2016,162nd,26.331,1.8,2.3,4.8,2.4,3,1.8,1,1.3,1.3,2.2,5.7,1,3.2,1.3,1.6,3.8,0.8,0,Stable
Slovenia,2016,163rd,26.197,1.8,1.7,4.2,4,3.6,2.8,2.9,1.7,1.7,2.5,4.5,2.5,0.1,1.1,1,2.9,0.1,0,Stable
Luxembourg,2016,164th,26.13,1.9,3.4,3.1,1.2,1.7,1.8,1,2.3,1,1.7,3.7,1.3,2.8,2.7,2.1,5.1,2.2,0,Stable
Singapore,2016,165th,23.852,1.7,4,2.8,2.2,4,3,3.9,1.5,4.3,2.7,1.4,1.4,1.2,0,0.2,0,1.3,0,Sustainable
Austria,2016,166th,23.584,1.2,2.7,4,1.9,3.1,1.2,1.1,1.3,1.4,2.1,6.1,1.4,0.7,1.1,1.2,3.6,1.1,0,Sustainable
Portugal,2016,167th,23.115,1.5,2.5,2.7,5,2.7,1.9,1.8,2.4,2,2.3,1.9,2.5,1.2,0.8,1.2,2.4,-0.3,0,Sustainable
Netherlands,2016,168th,22.311,1.7,3.1,4.4,2.9,2.4,2.3,1.5,1.2,1.1,2.7,4,0.9,2.7,0,0,1.9,0.5,0,Sustainable
Australia,2016,169th,22.311,1.8,1.7,4.1,1.8,2.4,1,1,1.7,2.5,1.5,2,1,2.5,1.4,1.6,3.7,1.6,0,Sustainable
New Zealand,2016,170th,22.11,1.4,1.1,3.8,3.8,2.5,1.8,0.6,1.6,0.7,1.6,1.5,0.9,5.4,0,0.9,3.3,2.1,0,Sustainable
Sweden,2016,171st,21.641,1.8,1.8,1.7,2,1.5,1.2,1,1.3,1.3,2.2,5.5,1.3,1.5,2.4,1.7,2.8,1.3,0,Sustainable
Ireland,2016,172nd,21.105,1.8,1.5,1.6,3.6,2.4,2.5,1.2,1.6,1.1,1.9,1.7,1.6,2.8,0,1.4,3.7,1.1,0,Sustainable
Iceland,2016,173rd,20.77,1.2,1.8,1.3,3.5,1.3,2.5,1,1.4,1,1.8,1.7,4.3,1.5,1.3,1.1,2.9,1.4,0,Sustainable
Norway,2016,174th,19.832,2.2,1.1,3.8,1.7,1.7,1.3,0.5,1.1,1.6,1.7,3,1.5,2.3,1.1,0.5,3.6,0.9,0,Sustainable
Denmark,2016,175th,19.43,1.4,1.4,4.6,2.2,1.8,1.6,0.6,1.1,1.7,2.2,1.8,1.1,0.6,1.8,1.5,2.8,0.8,0,Sustainable
Canada,2016,176th,19.028,1.9,2.5,3.6,1.9,2.7,1.9,1,1.7,1.5,2.1,2,1,1.1,0,0.4,1.9,1.2,0,Sustainable
Switzerland,2016,177th,18.626,1.3,1,3.8,2.5,2.4,1.8,1,1.1,2,1.7,2.2,1,2.1,0,2.8,0,1.1,0,Sustainable
Finland,2016,178th,17.487,1.4,1.1,2,3.7,1.2,2,0.6,1,1,1.3,2.5,1,1.6,1.6,1.1,2.7,0.3,0,Sustainable